SRD identifier ,Most commun name,Start ,End ,Strand ,Length ,Other names ,SRD's RNAseq evidence ,Category ,Authors (references) ,SRD link
srn_0010,sRNA412,314,512,+,199,sRNA412,5'UTR,,,Show
srn_0020,sRNA1,8415,8586,-,172,sRNA1,ND,,,Show
srn_0030,Teg35,12492,12717,+,226,Teg35_sRNA2,Transcript,T-box_uptream_of_serS,,Show
srn_0040,Sau6817,14267,14357,-,91,Sau6817,ND,,,Show
srn_0050,Teg1,15806,16034,+,229,Teg1_sRNA3,Transcript,S-box-SAM_riboswitch,,Show
srn_0060,Sau65,21729,21786,-,58,Sau65,Antisense,,,Show
srn_0070,sRNA4,24982,25216,-,235,sRNA4,ND,,,Show
srn_0080,Teg107,29789,29975,+,187,Teg107,5'UTR,,,Show
srn_0090,sRNA5,31580,31912,-,333,sRNA5,ND,,,Show
srn_0100,sRNA6,33871,34170,-,300,sRNA6,ND,,,Show
srn_0250,Sau6372,42660,42721,+,62,Sau6372,ND,,,Show
srn_0260,Teg15as,60844,61087,-,244,Teg15as_sRNA14,Antisense,,,Show
srn_0270,Teg16as,65613,65819,+,207,Teg16as_sRNA15,ND,,,Show
srn_0275,tsr6,66047,66159,+,113,tsr6,Transcript,,,Show
srn_0280,sRNA16,73472,73843,+,372,sRNA16,ND,,,Show
srn_0290,sRNA17,86042,86257,-,216,sRNA17,ND,,,Show
srn_0300,sRNA18,87372,87632,-,261,sRNA18,ND,,,Show
srn_0310,Sau6873,105698,105761,+,64,Sau6873,CDS,,,Show
srn_0320,Sau16,106205,106435,-,231,Sau16_Teg129_sRNA19,ND,,,Show
srn_0330,Sau6527,112095,112152,-,58,Sau6527,ND,,,Show
srn_0340,Sau6442,124566,124632,-,67,Sau6442,ND,,,Show
srn_0350,sRNA20,124996,125149,-,154,sRNA20,ND,,,Show
srn_0360,Teg17as,132441,132683,-,243,Teg17as_sRNA21,ND,,,Show
srn_0370,sRNA22,137357,137707,-,351,sRNA22,ND,,,Show
srn_0380,Teg140,148741,148817,+,77,Teg140_sRNA23,5'UTR,,,Show
srn_0390,sRNA24,152935,153205,-,271,sRNA24,ND,,,Show
srn_0400,Sau22,154040,154095,-,56,Sau22_sau22,ND,,,Show
srn_0410,sRNA25,155766,156080,-,315,sRNA25,ND,,,Show
srn_0420,sRNA26,158541,158793,+,253,sRNA26,ND,,,Show
srn_0430,sau53,160579,160770,+,192,Sau53,ND,,,Show
srn_0440,rsaK,168768,168979,-,212,rsaK_Teg38_sRNA27,Transcript,leader_of_glcA,,Show
srn_0450,sRNA28,173023,173104,-,82,sRNA28,ND,,,Show
srn_0455,tsr9,173742,174126,-,385,tsr9,CDS,,,Show
srn_0470,Sau6292,186318,186366,-,49,Sau6292,ND,,,Show
srn_0480,Sau6717,191687,191731,-,45,Sau6717,ND,,,Show
srn_0490,Sau55,195961,196003,-,43,Sau55,ND,,,Show
srn_0500,sRNA30,198474,198618,-,145,sRNA30,ND,,,Show
srn_0510,rsaG,201744,201937,+,194,rsaG_Teg93_sRNA31,Transcript,,,Show
srn_0520,sRNA32,202404,202524,+,121,sRNA32,ND,,,Show
srn_0530,sRNA33,204141,204351,+,211,sRNA33,ND,,,Show
srn_0540,sRNA34,209175,209348,-,174,sRNA34,ND,,,Show
srn_0550,Sau6454,219778,220228,+,451,Sau6454,ND,,,Show
srn_0560,Sau6009,224507,224573,-,67,Sau6009,ND,,,Show
srn_0570,sRNA35,224631,224825,+,195,sRNA35,ND,,,Show
srn_0580,Sau6569,228171,228336,+,166,Sau6569_sRNA36,5'UTR,,,Show
srn_0590,sRNA37,231226,231365,+,140,sRNA37,Transcript,,,Show
srn_0600,sRNA38,232424,232547,-,124,sRNA38,ND,,,Show
srn_0610,sRNA39,235656,235725,+,70,sRNA39,ND,,,Show
srn_0620,sRNA40,237823,237982,-,160,sRNA40,ND,,,Show
srn_0630,Sau6931,238731,238776,-,46,Sau6931,ND,,,Show
srn_0640,sRNA41,243431,243518,+,88,sRNA41,3'UTR,,,Show
srn_0650,sRNA42,245432,245703,-,272,sRNA42,ND,,,Show
srn_0660,Sau6526,246077,246151,-,75,Sau6526,ND,,,Show
srn_0670,Sau6994,249369,249672,-,304,Sau6994_sRNA43,ND,,,Show
srn_0680,Sau6807,251207,251278,-,72,Sau6807,ND,,,Show
srn_0690,sRNA44,252743,253087,-,345,sRNA44,ND,,,Show
srn_1570,RsaOW2,264202,264365,-,164,RsaOW2_Teg98,Transcript,,,Show
srn_0710,sRNA46,267779,268003,-,225,sRNA46,ND,,,Show
srn_0720,sRNA47,271910,272182,+,273,sRNA47,ND,,,Show
srn_0730,sRNA48,275234,275489,+,256,sRNA48,ND,,,Show
srn_0740,Sau29,286031,286112,-,82,Sau29,ND,,,Show
srn_0760,sRNA51,294459,294582,+,124,sRNA51,CDS,,,Show
srn_9020,sRNA52,294524,294648,-,125,sRNA52,ND,,,Show
srn_0765,tsr11,298600,298693,-,94,tsr11,5'UTR,,,Show
srn_0770,Teg18as,310797,311661,+,865,Teg18as_sRNA53,Transcript,,,Show
srn_0780,Sau6733,313721,313800,+,80,Sau6733,ND,,,Show
srn_0790,Sau6657,314475,314565,-,91,Sau6657,ND,,,Show
srn_0795,srn_0795,316236,316514,+,279,srn_0795,Transcript,,,Show
srn_0800,sRNA55,318870,319044,+,175,sRNA55,CDS,,,Show
srn_0810,sRNA56,319239,319526,-,288,sRNA56,ND,,,Show
srn_0820,sRNA57,322794,322902,-,109,sRNA57,ND,,,Show
srn_0830,sRNA58,323439,323556,-,118,Sau5974_sRNA58,ND,,,Show
srn_0850,sRNA59,337416,337545,-,130,sRNA59,ND,,,Show
srn_9040,sRNA60,342373,342407,-,35,sRNA60,5'UTR,,,Show
srn_0860,RsaOB,356255,356675,-,421,RsaOB_Teg40_sRNA61,Transcript,,,Show
srn_9050,sRNA62,359322,359421,-,100,sRNA62,ND,,,Show
srn_0870,Teg38as,359910,360003,-,94,Teg38as_sRNA63,Antisense,,,Show
srn_0880,Sau5971,361904,361999,-,96,Sau5971,Transcript,,,Show
srn_0890,sRNA71,367121,367211,-,91,sRNA71,ND,,,Show
srn_0900,sRNA72,370043,370073,+,31,sRNA72,ND,,,Show
srn_0910,sRNA73,374626,374785,+,160,sRNA73,CDS,,,Show
srn_0930,Teg76,378025,378247,+,223,Teg76_sRNA74,Transcript,Purine_riboswitch_upstream_of_xprT,,Show
srn_9110,sRNA75,382234,382285,-,52,sRNA75,ND,,,Show
srn_0940,Sau6356,382877,382937,-,61,Sau6356,ND,,,Show
srn_0950,Sau63,384163,384255,-,93,Sau63_Teg146_sRNA83,Transcript,,,Show
srn_0960,Teg147,386298,386353,+,56,Teg147_sRNA85,Transcript,,,Show
srn_0970,Sau18,390317,390505,-,189,Sau18,ND,,,Show
srn_0980,sRNA86,392666,392735,-,70,sRNA86,ND,,,Show
srn_0990,sRNA87,393582,393803,-,222,sRNA87,CDS,,,Show
srn_1000,sRNA88,396165,396210,-,46,sRNA88,Transcript,,,Show
srn_1010,sRNA89,398098,398287,-,190,sRNA89,ND,,,Show
srn_1015,tsr12,399141,399202,+,62,tsr12,3'UTR,,,Show
srn_1020,sRNA90,404899,404950,+,52,sRNA90,ND,,,Show
srn_1040,sRNA92,407296,407326,-,31,sRNA92,ND,,,Show
srn_1050,sRNA93,408130,408346,-,217,sRNA93,ND,,,Show
srn_1060,Teg149,412053,412103,+,51,Teg149_sRNA94,Transcript,,,Show
srn_1070,Sau41,412530,412998,-,469,Sau41,Transcript,,,Show
srn_1080,RsaX05,413222,413426,+,205,RsaX05_Teg41_sRNA95,Transcript,,,Show
srn_1090,Teg19as,416282,418757,-,2476,Teg19as_sRNA96,ND,,,Show
srn_1095,tsr13,420872,420955,+,84,tsr13,CDS,,,Show
srn_1100,Sau6054,428594,428736,+,143,Sau6054,3'UTR,,,Show
srn_1110,Sau57,441972,442100,-,129,Sau57,ND,,,Show
srn_1120,sRNA97,442586,442640,-,55,sRNA97,ND,,,Show
4.5S,4.5S,444100,444352,+,253,ffs_Teg42_IGRLF1_WAN01CBPQ_sRNA98,Transcript,,,Show
srn_1130,sRNA99,444122,444203,-,82,sRNA99,ND,,,Show
srn_1140,Sau82,447320,447462,+,143,Sau82,CDS,,,Show
srn_1150,sRNA100,449206,449233,-,28,sRNA100,ND,,,Show
srn_9200,sRNA101,451183,451237,-,55,sRNA101,ND,,,Show
srn_1160,sRNA102,453814,453849,+,36,sRNA102,rRNA,,,Show
srn_1170,sRNA103,454088,454121,+,34,sRNA103,Transcript,,,Show
srn_1180,Sau83,463754,463823,-,70,Sau83,ND,,,Show
srn_1190,sRNA104,464638,464722,-,85,sRNA104,ND,,,Show
srn_1200,sRNA105,466196,466229,-,34,sRNA105,ND,,,Show
srn_1210,sRNA106,466317,466521,-,205,sRNA106,ND,,,Show
srn_1220,sRNA107,467348,467530,-,183,sRNA107,ND,,,Show
srn_1230,sRNA108,470347,470537,-,191,sRNA108,ND,,,Show
srn_1240,sRNA109,476585,476675,-,91,sRNA109,ND,,,Show
srn_1250,sRNA110,480957,481140,-,184,sRNA110,ND,,,Show
srn_1260,Sau62,482463,482535,-,73,Sau62,ND,,,Show
srn_1270,Teg44,483226,483451,+,226,Teg44_sRNA111,5'UTR,,,Show
srn_1280,sRNA112,489638,489797,+,160,sRNA112,3'UTR,,,Show
srn_1290,sRNA113,491249,491276,-,28,sRNA113,ND,,,Show
srn_9210,sRNA114,491906,491945,+,40,sRNA114,ND,,,Show
srn_1300,sRNA115,493482,493512,-,31,sRNA115,ND,,,Show
srn_1310,sRNA116,494368,494398,-,31,sRNA116,ND,,,Show
srn_1320,sRNA117,495464,495521,-,58,sRNA117,ND,,,Show
srn_1330,sRNA118,498266,498442,-,177,sRNA118,ND,,,Show
srn_1340,sRNA119,511542,511883,-,342,sRNA119,ND,,,Show
srn_1350,Teg45,512702,512992,+,291,Teg45_sRNA120,Transcript,Term_upstream_of_cysET-box,,Show
srn_1360,Sau67,515697,515757,-,61,Sau67,ND,,,Show
srn_1370,sRNA121,517425,517455,-,31,sRNA121,ND,,,Show
srn_1380,Teg46,517525,517648,+,124,Teg46_sRNA122,5'UTR,,,Show
srn_1390,sRNA123,517600,517843,-,244,sRNA123,ND,,,Show
srn_1400,sRNA124,519012,519055,-,44,sRNA124,ND,,,Show
srn_1410,Teg77,520096,520244,+,149,Teg77_sRNA125,5'UTR,,,Show
srn_1420,Sau60,521980,522074,+,95,Sau60_SSR155,3'UTR,,,Show
srn_1430,sRNA126,522786,523080,-,295,sRNA126,ND,,,Show
srn_1440,sRNA127,531569,531600,-,32,sRNA127,ND,,,Show
srn_1450,Sau6057,533235,533291,+,57,Sau6057,5'UTR,,,Show
srn_1460,sRNA128,533940,533986,-,47,sRNA128,ND,,,Show
srn_1470,sRNA129,549609,550460,-,852,sRNA129,ND,,,Show
srn_1480,sRNA130,554194,554796,-,603,sRNA130,ND,,,Show
srn_1490,Sau6477,565647,565959,-,313,RsaOI_SSR156_Teg47_Sau6477_sRZR_sRNA131,Transcript,,,Show
srn_1500,Sau6667,569524,569571,+,48,Sau6667,ND,,,Show
srn_1505,S204,569584,570066,+,483,S204,Transcript,,Mader_et_al._2016,Show
srn_1510,rsaA,575845,575987,+,143,rsaA_rsaOJ_Teg88_sau64_IGR1_IGR14_sRNA132,Transcript,,,Show
srn_1520,Sau76,576005,576126,+,122,Sau76,Transcript,,,Show
srn_1530,sRNA133,599997,600268,+,272,sRNA133,5'UTR,,,Show
srn_1540,Teg48,611672,611798,-,127,Teg48_sRNA134,5'UTR,,,Show
srn_1550,Teg49,611843,612359,-,517,Teg49_sRNA134,5'UTR,,,Show
srn_1590,rsaC,623356,624454,-,1099,rsaC_Teg90_sRNA135,Transcript,,,Show
srn_1580,sbrC,623374,624517,+,1144,sbrC,Transcript,,,Show
srn_1600,Sau6912,628922,628982,-,61,Sau6912,ND,,,Show
srn_1610,sRNA136,633704,633985,-,282,sRNA136,ND,,,Show
srn_1620,Sau6836,636012,636082,+,71,Sau6836,5'UTR,,,Show
srn_1630,Teg99,638179,638276,+,98,Teg99_sRNA137,5'UTR,,,Show
srn_1640,rsaD,639711,639887,-,177,rsaD_Teg91_sRNA138,Transcript,,,Show
srn_1650,sRNA139,646975,647233,+,259,sRNA139,5'UTR,,,Show
srn_1660,sRNA140,656846,657304,-,459,sRNA140,ND,,,Show
srn_1670,Teg20as,659279,660287,+,1009,Teg20as_sRNA141,Antisense,,,Show
srn_1680,sRNA142,660570,660695,+,126,sRNA142,5'UTR,,,Show
srn_1690,sRNA143,666324,666529,+,206,sRNA143,5'UTR,,,Show
srn_1700,sRNA144,672365,672397,-,33,sRNA144,ND,,,Show
srn_1710,sRNA145,680973,681011,-,39,sRNA145,ND,,,Show
srn_1720,sRNA146,685696,685992,-,297,sRNA146,CDS,,,Show
srn_1730,Sau7006,693580,693665,-,86,Sau7006,ND,,,Show
srn_1740,sRNA147,694817,695008,-,192,sRNA147,ND,,,Show
srn_1750,sRNA148,700927,700955,+,29,sRNA148,ND,,,Show
srn_1760,sRNA149,705032,705158,-,127,sRNA149,Transcript,,,Show
srn_1770,rsaOC,705053,705151,-,99,rsaOC_RsaX08_Teg50,Transcript,pre-Q1_riboswitch_upstream_of_SA0668,,Show
srn_1780,Sau66,707753,707831,-,79,Sau66,Transcript,,,Show
srn_1930.1,rsaOF,721056,721147,-,92,rsaOF_Teg12,Transcript,,,Show
srn_1790,sRNA150,721254,721295,-,42,sRNA150,ND,,,Show
srn_1800,sRNA151,722563,722626,+,64,sRNA151,CDS,,,Show
srn_1810,Teg51,726364,726569,+,206,Teg51_sRNA152,Transcript,Purine_riboswitch_upstream_of_nrdl,,Show
srn_1820,sRNA154,734879,735472,-,594,sRNA154,3'UTR,,,Show
srn_1830,sRNA155,742867,743069,+,203,sRNA155,ND,,,Show
srn_1840,sRNA156,744183,744241,+,59,sRNA156,5'UTR,,,Show
srn_1850,sRNA157,746490,746582,-,93,sRNA157,ND,,,Show
srn_1860,sRNA158,753561,753825,-,265,sRNA158,ND,,,Show
srn_1870,Sau6428,756269,756323,+,55,Sau6428_Teg109_sRNA159,5'UTR,,,Show
srn_1880,sRNA160,758881,758937,-,57,sRNA160,ND,,,Show
srn_1890,sRNA161,767607,767901,-,295,sRNA161,ND,,,Show
srn_1900,Sau15,773635,773726,+,92,Sau15,Antisense,,,Show
srn_1910,rsaH,774294,774421,+,128,rsaH_rsaOK_Teg94_sau6059_IGR7_sRNA162,Transcript,,,Show
srn_1920,Teg95,774656,774843,+,188,Teg95_sRNA163,5'UTR,,,Show
srn_1930,rsaOF,781652,781970,-,319,rsaOF_Teg12_sRNA164,ND,,,Show
srn_1940,sRNA165,785140,785365,-,226,sRNA165,ND,,,Show
tmRNA,tmRNA,788298,788656,+,359,tmR_WAN014GIY_Teg150_ssrA_sRNA166,Transcript,,Pichon_et_Felden._2005_and_Beaume_et_al._2010,Show
srn_1950,sRNA167,792240,792357,-,118,sRNA167,ND,,,Show
srn_1960,rsaOL,801491,801586,-,96,rsaOL_Teg100_Sau07_IGR14_sRNA168,3'UTR,,,Show
srn_1970,Sau6769,802711,802781,+,71,Sau6769,ND,,,Show
srn_1980,sRNA169,803399,803689,-,291,sRNA169,CDS,,,Show
srn_1990,Teg40as,803901,804200,-,300,Teg40as_sRNA170,Antisense,,,Show
srn_2000,Sau81,804185,804237,-,53,Sau81,3'UTR,,,Show
srn_2020,sRNA171,811523,811585,-,63,sRNA171,ND,,,Show
srn_2030,Teg52,812906,813053,+,148,Teg52_rsaOM_Teg52_IGR20_sRNA172,3'UTR,,,Show
srn_2035,tsr15,816426,817242,+,817,tsr15,Antisense,,,Show
srn_2040,sRNA176,824800,824916,-,117,sRNA176,ND,,,Show
srn_2050,sRNA177,828306,828516,-,211,sRNA177,ND,,,Show
srn_2055,tsr16,831109,831227,-,119,tsr16,3'UTR,,,Show
srn_2058,srn_2058,841195,841435,+,241,srn_2058,Transcript,,,Show
srn_2060,sRNA179,844545,844728,-,184,sRNA179,ND,,,Show
srn_2070,Sau6851,855163,855309,+,147,Sau6851_Teg53,3'UTR,,,Show
srn_2080,Sau6851,855526,855656,+,131,Sau6851_Teg53,5'UTR,,,Show
srn_2090,sRNA180,858080,858349,-,270,sRNA180,ND,,,Show
srn_2100,sRNA181,872450,872630,-,181,sRNA181,ND,,,Show
srn_2110,sRNA182,873578,873650,-,73,sRNA182,ND,,,Show
srn_2120,Sau6305,890312,890398,-,87,Sau6305,ND,,,Show
srn_2125,tsr17,893422,893833,-,412,tsr17,CDS,,,Show
srn_2130,rsaE,911281,911739,+,459,rsaE_RsaON_Sau20_Teg92_IGR6_sRNA183,Transcript,,,Show
srn_2140,sRNA184,912660,912895,+,236,sRNA184,ND,,,Show
srn_2150,sRNA185,916820,916929,-,110,sRNA185,ND,,,Show
srn_2160,Sau6374,917140,917207,-,68,Sau6374,ND,,,Show
srn_2170,sRNA187,923271,923760,-,490,sRNA187,ND,,,Show
srn_2180,sRNA188,925352,925601,-,250,sRNA188,ND,,,Show
srn_2190,Sau6513,926913,926970,+,58,Sau6513,ND,,,Show
srn_2200,Sau6053,931870,932036,+,167,sRNA189_Sau6053_Teg78,Transcript,,,Show
srn_2220,Sau58,939679,939754,-,76,Sau58,ND,,,Show
srn_2230,sprG2,942176,942416,+,241,sprG2_Teg19b,Transcript,Predicted_toxin-antoxin_module,Pinel-Marie_et_al._2014,Show
srn_2240,sprF2,942359,942474,-,116,sprF2_Teg19a_Teg102_Sau02_sRZN_sRNA190,Antisense,Predicted_toxin-antoxin_module,Pinel-Marie_et_al._2014,Show
srn_2250,sprG4,942433,942801,+,369,sprG4_Teg19b,Transcript,Predicted_toxin-antoxin_module,Pinel-Marie_et_al._2014,Show
srn_2260,sprF4,942728,942842,-,115,sprF4_Teg19a_Teg102_Sau02_sRZN_sRNA191,Antisense,Predicted_toxin-antoxin_module,Pinel-Marie_et_al._2014,Show
srn_2270,sRNA192,943109,943329,-,221,sRNA192,ND,,,Show
srn_2280,Sau6751,950482,950532,-,51,Sau6751,ND,,,Show
srn_2290,sbrA,950609,950756,-,148,RsaOO_Teg54_sbrA_sRZN,Transcript,,,Show
srn_2300,sRNA193,967582,967755,+,174,sRNA193,ND,,,Show
srn_2310,sRNA194,969158,969331,+,174,sRNA194,ND,,,Show
srn_2320,sRNA195,990473,990671,-,199,sRNA195_S414,ND,,Mader_et_al._2016,Show
srn_2330,Sau11,993693,993796,-,104,Sau11_Teg79_sRNA196,Transcript,,,Show
srn_2335,srn_2335_tsr18,994155,994365,-,211,srn_2335_tsr18,Transcript,,Bronsard_et_al.2017,Show
srn_2340,Sau59,995233,995360,-,128,Sau59,Antisense,,,Show
srn_2345,tsr19,1000177,1000269,-,93,tsr19,Transcript,,,Show
srn_2347,srn_2347,1023280,1023591,-,312,srn_2347,Transcript,,Bronsard_et_al.2017,Show
srn_2348,srn_2348,1023505,1023572,+,68,srn_2348,Antisense,,,Show
srn_2350,rsaOP,1026717,1027134,+,418,rsaOP,5'UTR,,,Show
srn_2360,sRNA197,1026760,1026791,-,32,sRNA197,ND,,,Show
srn_2370,Teg55,1028553,1028677,+,125,Teg55_sRNA198,5'UTR,,,Show
srn_2380,sRNA199,1030063,1030255,-,193,sRNA199,ND,,,Show
srn_2390,sRNA200,1033312,1033591,-,280,sRNA200,CDS,,,Show
srn_2400,Teg37as,1038231,1038339,-,109,Teg37as,Antisense,,,Show
srn_2410,Sau6524,1040158,1040330,+,173,Sau6524,Antisense,,,Show
srn_2420,sRNA201,1045019,1045289,+,271,sRNA201,ND,,,Show
srn_2430,sRNA202,1048903,1049165,-,263,sRNA202,ND,,,Show
srn_2440,Teg56,1051537,1051769,+,233,Teg56_sRNA203,5'UTR,T-box_uptream_of_pheS,,Show
srn_2450,Sau6229,1064422,1064660,+,239,Sau6229_Teg57_sRNA204,Transcript,,,Show
srn_2460,Teg58,1070943,1071105,+,163,Teg58,Transcript,,,Show
srn_1930.2,rsaOF,1074294,1074735,-,442,rsaOF_Teg12_tsr20,Transcript,,,Show
srn_2465,tsr21,1074873,1076047,-,1174,tsr21,CDS,,,Show
srn_2467,srn_2467,1075349,1075553,-,205,srn_2467,Antisense,,,Show
srn_2468,srn_2468,1075365,1075570,+,206,srn_2468,Transcript,,,Show
srn_2480,sRNA205,1077372,1077692,-,321,sRNA205,5'UTR,,,Show
srn_2490,sRNA206,1077719,1077890,+,172,sRNA206,ND,,,Show
srn_2500,sRNA207,1078442,1078718,-,277,sRNA207,CDS,,,Show
srn_2510,Sau6297,1085279,1085369,-,91,Sau6297,ND,,,Show
srn_2520,Teg60,1085894,1086109,+,216,Teg60_sRNA208_tsr22,Transcript,,,Show
srn_2530,sRNA209,1087700,1088003,-,304,sRNA209,Transcript,,,Show
srn_2540,sRNA210,1088206,1088314,-,109,sRNA210,ND,,,Show
srn_2550,Teg80,1106915,1107073,+,159,Teg80_sRNA211,Transcript,T-box_uptream_of_ileS,,Show
srn_2560,sRNA212,1113282,1113599,+,318,sRNA212,Transcript,,,Show
srn_2570,sRNA213,1122603,1122830,-,228,sRNA213,ND,,,Show
srn_2580,Teg103,1123823,1123967,-,145,Teg103_sRNA214,Transcript,,,Show
srn_2590,Sau46,1133026,1133090,-,65,Sau46,3'UTR,,,Show
srn_2600,sRNA215,1155824,1155886,-,63,sRNA215,ND,,,Show
srn_2610,Sau24,1161479,1161521,+,43,Sau24_Teg81,Transcript,,,Show
srn_2620,Teg61,1180714,1180823,+,110,Teg61_sRNA216,5'UTR,,,Show
srn_2630,sRNA217,1180984,1181069,-,86,sRNA217,ND,,,Show
srn_2640,Sau6554,1192168,1192268,-,101,Sau6554,ND,,,Show
srn_2650,sRNA218,1201139,1201361,-,223,sRNA218,ND,,,Show
srn_2660,sRNA219,1201813,1201961,+,149,sRNA219,Transcript,,,Show
srn_2670,Sau12,1216647,1216758,-,112,Sau12,ND,,,Show
srn_2680,Sau6041,1217331,1217401,+,71,Sau6041,3'UTR,,,Show
srn_2690,Sau27,1219192,1219282,+,91,Sau27,ND,,,Show
srn_2700,Teg62,1232241,1232326,+,86,Teg62_sRNA220,5'UTR,,,Show
srn_2710,Sau6710,1233360,1233419,-,60,Sau6710,ND,,,Show
srn_2720,Teg104,1234808,1234889,+,82,Teg104_sRNA221,5'UTR,,,Show
srn_2730,Teg106,1247880,1247925,+,46,Teg106,3'UTR,,,Show
srn_2740,Teg108,1248032,1248134,-,103,Teg108_sRNA222,Transcript,,,Show
srn_9348,srn_9348,1250189,1250389,+,201,srn_9348,Transcript,,,Show
srn_2750,sRNA223,1252022,1252231,+,210,sRNA223,ND,,,Show
srn_2760,Sau85,1252254,1252305,+,52,Sau85,ND,,,Show
srn_2770,Sau6904,1256058,1256100,-,43,Sau6904,ND,,,Show
srn_2780,Sau6282,1260933,1261002,-,70,Sau6282,5'UTR,,,Show
srn_2790,sRNA224,1260987,1261203,+,217,sRNA224,5'UTR,,,Show
srn_2800,Sau14,1264440,1264538,-,99,Sau14,ND,,,Show
srn_2810,Sau6742,1270315,1270412,-,98,Sau6742,ND,,,Show
srn_2820,Teg110,1272560,1272596,+,37,Teg110_sRNA225,3'UTR,,,Show
srn_2830,SbrB,1274702,1274819,+,118,SbrB_Teg111,Transcript,,,Show
srn_2840,sRNA226,1286772,1286837,+,66,sRNA226,ND,,,Show
srn_2850,Teg112,1296632,1296884,+,253,sRNA227_Teg112,5'UTR,,,Show
srn_2860,sRNA229,1305730,1305808,-,79,sRNA229,ND,,,Show
srn_2870,Sau28,1309993,1310101,-,109,Sau28,ND,,,Show
srn_2880,RsaOQ,1310008,1310373,+,366,RsaOQ_Teg82_IGR23_sRNA230,Transcript,,,Show
srn_2890,Sau72,1312986,1313110,-,125,Sau72,ND,,,Show
srn_2900,Teg113,1316778,1316851,+,74,sRNA231,ND,,,Show
srn_2910,Teg63,1316912,1317056,+,145,Teg63_sRNA232,5'UTR,,,Show
srn_2920,Sau6318,1323161,1323215,+,55,Sau6318,ND,,,Show
srn_2930,sRNA233,1332568,1332667,+,100,sRNA233,ND,,,Show
srn_2950,Teg6,1336573,1336744,+,172,Teg6_sRNA234,Transcript,Lysine_riboswitch_upstream_of_lysC,,Show
srn_2960,Sau6528,1355816,1355914,-,99,Sau6528,3'UTR,,,Show
srn_2970,sRNA235,1356117,1356356,+,240,sRNA235,ND,,,Show
srn_2975,tsr25,1362885,1363065,+,181,tsr25_S596,Transcript,,Mader_et_al._2016,Show
srn_2980,sRNA238,1364964,1365218,+,255,sRNA238,ND,,,Show
srn_2990,Sau17,1394773,1394824,+,52,Sau17,ND,,,Show
srn_3000,Sau6863,1411794,1411846,+,53,Sau6863,ND,,,Show
srn_3010,Teg64,1415074,1415159,-,86,Teg64_sRNA239,5'UTR,,,Show
RNAseP,RNAseP,1418474,1418908,-,435,RseP_rnp_Teg65_IGR1215_sRNA240,Transcript,,,Show
srn_3020,Teg65,1418677,1418758,+,82,sRNA241,ND,,,Show
srn_3030,Sau6387,1434795,1434829,-,35,Sau6387,3'UTR,,,Show
srn_3040,Sau50,1445639,1445786,+,148,Sau50,Antisense,,,Show
srn_3050,sRNA242,1449613,1449775,+,163,sRNA242,ND,,,Show
srn_3060,sRNA243,1457434,1457617,+,184,sRNA243,5'UTR,,,Show
srn_3070,Sau6889,1458010,1458073,-,64,Sau6889,3'UTR,,,Show
srn_3080,Teg66,1458692,1458830,-,139,Teg66_sRNA244,5'UTR,,,Show
srn_3820.1,SprX2,1464059,1464207,-,149,RsaOR_SprX2_ssr6_teg15_IGR12,CDS,,,Show
srn_3090,sRNA245,1513187,1513346,+,160,sRNA245,ND,,,Show
srn_3100,sRNA246,1516092,1516338,+,247,sRNA246,ND,,,Show
srn_3110,Sau6353,1520134,1520209,-,76,Sau6353_sRNA247,Transcript,,,Show
srn_3120,Sau6405,1520358,1520445,+,88,Sau6405,ND,,,Show
srn_3130,Teg116,1525086,1525140,-,55,Teg116,ND,,,Show
srn_3140,Teg151,1532720,1532855,+,136,Teg151,Transcript,,,Show
srn_3150,Teg83,1555945,1556067,-,123,Teg83_sRNA249,3'UTR,,,Show
srn_3160,RsaOD,1579260,1579474,+,215,RsaOD_Teg67_sRNA250,5'UTR,,,Show
srn_9310,sRNA251,1597660,1597696,+,37,sRNA251,ND,,,Show
srn_3170,Sau6463,1612451,1612501,+,51,Sau6463,ND,,,Show
srn_3180,Sau6940,1618785,1618854,+,70,Sau6940,ND,,,Show
srn_3185,tsr28,1619103,1619178,-,76,tsr28,CDS,,,Show
srn_3190,Teg68,1628038,1628232,-,195,sRNA252_Teg68,Transcript,T-box_uptream_of_alaS,,Show
srn_3200,sRNA253,1629579,1629774,+,196,sRNA253,ND,,,Show
srn_3210,sRNA254,1631551,1631838,-,288,sRNA254,Transcript,,,Show
srn_3230,Sau6936,1636216,1636267,+,52,Sau6936,ND,,,Show
srn_3240,sRNA255,1638298,1638514,+,217,sRNA255,ND,,,Show
6S,6S,1639020,1639237,-,218,6S_Teg97_ssrS_ssr80_IGR2_WAN01CC8T_sRNA256,Transcript,,,Show
srn_3260,Teg69,1642484,1642756,-,273,Teg69_sRNA257,Transcript,T-box_uptream_of_hisS,,Show
srn_9320,sRNA258,1658382,1658417,-,36,sRNA258,Transcript,,,Show
srn_3270,sRNA259,1661192,1661431,-,240,sRNA259,CDS,,,Show
srn_3280,sRNA260,1662033,1662291,+,259,sRNA260,Transcript,,,Show
srn_3300,Teg70,1668300,1668647,-,348,Teg70_sRNA262,Transcript,T-box_uptream_of_valS,,Show
srn_3310,sRNA263,1683658,1683825,-,168,sRNA263,5'UTR,,,Show
srn_3320,sRNA264,1685441,1685723,-,283,sRNA264,Transcript,,,Show
srn_3330,Teg71,1687871,1688059,-,189,Teg71_sRNA265,5'UTR,,,Show
srn_3340,Teg72,1698381,1698528,-,148,Teg72,5'UTR,,,Show
srn_3350,sRNA266,1700439,1700684,+,246,sRNA266,ND,,,Show
srn_3360,sRNA267,1714211,1714493,-,283,sRNA267,Transcript,,,Show
srn_3390,Teg7,1746035,1746227,-,193,Teg7_sRNA268,Transcript,,,Show
srn_3400,sRNA269,1749075,1749312,+,238,sRNA269,ND,,,Show
srn_3410,rsaB,1750160,1750216,+,57,rsaB,ND,,,Show
srn_3420,Teg89,1750359,1750437,-,79,Teg89_sRNA270,3'UTR,,,Show
srn_3430,sRNA271,1752378,1752549,-,172,sRNA271,3'UTR,,,Show
srn_3440,Sau6128,1759560,1759606,-,47,Sau6128,ND,,,Show
srn_3450,Sau84,1763029,1763116,+,88,Sau84,ND,,,Show
srn_3460,Sau5949,1771663,1771770,+,108,Sau5949_Teg120_sRNA272,Transcript,,,Show
srn_3470,sRNA274,1773328,1773694,-,367,sRNA274_S736,5'UTR,,Mader_et_al._2016,Show
srn_3480,sRNA275,1776233,1776594,-,362,sRNA275,3'UTR,,,Show
srn_3490,RsaOE,1791236,1791455,-,220,RsaOE_Teg73_sRNA276,Transcript,,,Show
srn_3500,sRNA277,1794850,1795093,-,244,sRNA277,5'UTR,,,Show
srn_3510,Teg74,1801961,1802261,-,301,Teg74_sRNA278,5'UTR,,,Show
srn_3520,sRNA279,1804451,1804783,+,333,sRNA279,ND,,,Show
srn_3530,sRNA281,1809879,1810144,-,266,sRNA281,ND,,,Show
srn_3540,sRNA280,1813412,1813685,+,274,sRNA280,ND,,,Show
srn_3550,Teg75,1818834,1818977,-,144,Teg75_sRNA282,5'UTR,,,Show
srn_3560,sRNA283,1821804,1821953,+,150,sRNA283,ND,,,Show
srn_3570,sRNA284,1832047,1832459,-,413,sRNA284,CDS,,,Show
srn_3580,SprA1,1832760,1832966,+,207,SprA1_IGR1520_Teg8_sRNA285,Transcript,encode_peptide_toxin-antoxin_module,,Show
srn_3590,sprAs1,1832931,1832992,-,62,SprAs1_Teg152_sRNA286,Antisense,cis-encoded_Antisenses_RNA_acingintranstoxin-antoxin_module,,Show
srn_3600,SprB,1849001,1849117,-,117,SprB_Teg9_IGR18,Transcript,,,Show
srn_9335.1,tsr29,1857773,1857902,-,130,tsr29,CDS,,,Show
srn_9335,tsr29,1858652,1858782,-,131,tsr29,Transcript,,,Show
srn_3610,SprC,1861445,1861598,-,154,SprC_Teg10_IGR18,Transcript,,,Show
srn_9340,sRNA287,1863529,1863897,-,369,sRNA287_S774,Transcript,,Mader_et_al._2016,Show
srn_3620,Sau7005,1867408,1867482,+,75,Sau7005,ND,,,Show
srn_3630,Sau69,1875110,1875207,+,98,Sau69,5'UTR,,,Show
srn_3640,sRNA288,1881390,1881596,-,207,sRNA288,5'UTR,,,Show
srn_3650,sRNA289,1884347,1884572,-,226,sRNA289,5'UTR,,,Show
srn_3660,Sau6515,1885899,1886111,+,213,Sau6515,Antisense,,,Show
srn_3670,Sau6930,1890533,1890610,-,78,Sau6930,3'UTR,,,Show
srn_3690,rsaOW6,1896837,1897209,-,373,rsaOW6_Teg11_Teg59_Teg119_Teg142_Teg101_RsaOW1_RsaOW3,ND,,,Show
srn_3700,Teg142,1897271,1897327,-,57,sRNA291,Transcript,,,Show
srn_3710,Sau6799,1917202,1917269,-,68,Sau6799,Transcript,,,Show
srn_9349,srn_9349,1923281,1923583,+,303,srn_9349,Transcript,,,Show
srn_9345,S808_srn_9345,1923560,1923876,-,317,S808_srn_9345,Transcript,,Mader_et_al._2016,Show
srn_9346,srn_9346,1923705,1923875,+,171,srn_9346,Antisense,,,Show
srn_9342,srn_9342,1924492,1924741,-,250,srn_9342,Transcript,,,Show
srn_3850,Teg123,1960622,1960656,+,35,Teg123_sRNA294,Transcript,,,Show
srn_1930.3,rsaOF,1976777,1977101,+,325,rsaOF_Teg12,3'UTR,,,Show
srn_3870,sRNA296,1978218,1978580,+,363,sRNA296,CDS,,,Show
srn_3720,Teg121,1988199,1988244,+,46,Teg121,ND,,,Show
srn_3730,sRNA297,2000146,2000370,+,225,sRNA297,ND,,,Show
srn_3740,Sau6492,2000596,2000726,+,131,Sau6492,Antisense,,,Show
srn_3750,Sau6291,2005965,2006038,+,74,Sau6291,ND,,,Show
srn_3760,Sau7009,2022583,2022632,-,50,Sau7009,ND,,,Show
srn_3765,srn_3765,2026887,2027163,-,277,srn_3765,Transcript,,Bronsard_et_al.2017,Show
srn_3770,Teg122,2027313,2027364,+,52,Teg122_sRNA303,Transcript,,,Show
srn_3780,Teg13,2027389,2027536,-,148,Teg13_sRNA302,CDS,,,Show
srn_3790,sRNA301,2032220,2032751,+,532,sRNA301,Transcript,,,Show
srn_3800,sprD,2033619,2033763,-,145,sprD_Teg14_sRNA300,Transcript,trans-acting_sRNA,,Show
srn_3810,Teg124,2033838,2033897,-,60,Teg124,5'UTR,,,Show
srn_3820,SprX,2035229,2035378,-,150,RsaOR_SprX1_ssr6_teg15_IGR12_sRNA299,Transcript,trans-acting_sRNA,,Show
srn_3830,sprF1,2037465,2037602,+,138,sprF1_IGR1644_Teg154_sRNA309,Transcript,Type_I_toxin-antitoxin_module,Pinel-Marie_et_al._2014,Show
srn_3840,sprG1,2037466,2037774,-,309,sprG1_sRNA310,Transcript,Type_I_toxin-antitoxin_module,Pinel-Marie_et_al._2014,Show
srn_3860,sRNA315,2072325,2072446,+,122,sRNA315,ND,,,Show
srn_9460,sRNA316,2083494,2083950,-,457,sRNA316,3'UTR,,,Show
srn_3910,RNAIII,2093158,2093673,-,516,RNAIII_sRNA317,Transcript,trans-acting_sRNA,,Show
srn_3920,Teg23as,2100930,2100966,+,37,Teg23as,ND,,,Show
srn_3930,sRNA319,2102376,2102601,+,226,sRNA319,ND,,,Show
srn_3940,sRNA320,2110146,2110212,+,67,sRNA320,ND,,,Show
srn_3950,Teg16,2111499,2111723,+,225,Teg16_sRNA321,Transcript,,,Show
srn_9470,sRNA322,2125346,2125400,+,55,sRNA322,ND,,,Show
srn_3960,sRNA323,2127390,2127573,+,184,sRNA323,ND,,,Show
srn_3970,Sau6929,2129398,2129494,-,97,Sau6929,CDS,,,Show
srn_3980,sRNA324,2152214,2152379,+,166,sRNA324,ND,,,Show
srn_3990,Teg125,2158147,2158180,+,34,sRNA325,3'UTR,,,Show
srn_4000,sRNA326,2185561,2185813,+,253,sRNA326,ND,,,Show
srn_4010,sRNA327,2191805,2192003,+,199,sRNA327,ND,,,Show
srn_4015,tsr31,2191886,2191957,-,72,tsr31,3'UTR,,,Show
srn_4020,sRNA328,2193704,2193871,-,168,sRNA328,ND,,,Show
srn_4030,sRNA329,2197093,2197242,+,150,sRNA329,ND,,,Show
srn_4040,Sau6469,2197631,2197700,+,70,Sau6469,ND,,,Show
srn_4050,artR,2198939,2199284,-,346,artR,Transcript,,,Show
srn_4060,Sau6723,2200100,2200178,+,79,Sau6723,ND,,,Show
srn_4070,sRNA330,2204195,2204338,+,144,sRNA330,ND,,,Show
srn_4080,sRNA331,2206137,2206206,-,70,sRNA331,5'UTR,,,Show
srn_4090,sprF3,2212011,2212257,+,247,sprF3_Teg19a_Rsa0S_sRNA332,Antisense,Predicted_toxin-antoxin_module,Pinel-Marie_et_al._2014,Show
srn_4100,sprG3,2212016,2212271,-,256,sprG3_Teg102_Teg19b_sRNA333,Transcript,Predicted_toxin-antoxin_module,Pinel-Marie_et_al._2014,Show
srn_9480,sRNA334,2214716,2214878,+,163,sRNA334,Transcript,,,Show
srn_4110,sRNA335,2215709,2215906,+,198,sRNA335,ND,,,Show
srn_4120,Teg20,2219152,2219300,-,149,Teg20_sRNA336,Transcript,,,Show
srn_4130,Teg21,2232542,2232660,-,119,Teg21,5'UTR,,,Show
srn_9490,sRNA337,2237226,2237282,-,57,sRNA337,Transcript,,,Show
srn_4140,sRNA338,2240615,2240682,+,68,sRNA338,ND,,,Show
srn_4150,sRNA339,2241835,2241889,+,55,sRNA339,ND,,,Show
srn_4160,Sau25,2244359,2244525,-,167,Sau25_sRNA340,Transcript,,,Show
srn_4170,Sau23,2262900,2262953,-,54,Sau23_sau23,ND,,,Show
srn_4180,sRNA341,2263988,2264194,+,207,sRNA341,3'UTR,,,Show
srn_4190,sRNA342,2266925,2267183,+,259,sRNA342,ND,,,Show
srn_4200,sRNA343,2279277,2279489,+,213,sRNA343,ND,,,Show
srn_4205,tsr32,2284707,2284857,+,151,tsr32,CDS,,,Show
srn_4220,sRNA345,2293660,2293756,-,97,sRNA345,Transcript,,,Show
srn_4230,sRNA344,2293692,2293733,+,42,sRNA344,ND,,,Show
srn_4210,Teg22,2299283,2299377,-,95,Teg22,3'UTR,,,Show
srn_4240,Teg84,2300282,2300360,-,79,Teg84_sRNA346,5'UTR,,,Show
srn_4250,Sau31,2302994,2303058,+,65,Sau31,ND,,,Show
srn_4260,Sau30,2304035,2304098,-,64,Sau30_sau30_SSR154_sRZI,Transcript,,,Show
srn_4270,sRNA347,2304067,2304157,+,91,sRNA347,ND,,,Show
srn_4280,Sau73,2317941,2318030,+,90,Sau73,ND,,,Show
srn_4290,sRNA348,2332069,2332147,+,79,sRNA348,5'UTR,,,Show
srn_4300,sRNA349,2335517,2335865,+,349,sRNA349,Transcript,,,Show
srn_4310,Sau6715,2349923,2349970,+,48,Sau6715,ND,,,Show
srn_4320,sRNA350,2353012,2353147,-,136,sRNA350,ND,,,Show
srn_4325,tsr33,2357363,2357447,-,85,tsr33,3'UTR,,,Show
srn_4330,Teg36as,2362067,2362518,-,452,Teg36as_sRNA351,Antisense,,,Show
srn_4340,Teg23,2362896,2363202,-,307,Teg23_sRNA352,5'UTR,,,Show
srn_4350,sRNA353,2366870,2366969,-,100,sRNA353,ND,,,Show
srn_4360,sRNA354,2370910,2371155,+,246,sRNA354,ND,,,Show
srn_4370,sRNA355,2374750,2375070,-,321,sRNA355,5'UTR,,,Show
srn_4380,Sau92,2375781,2375828,+,48,Sau92,ND,,,Show
srn_4390,rsaOG,2377341,2377451,-,111,rsaOG_RsaI_Teg24_sRNA356,Transcript,,,Show
srn_4400,sRNA357,2386691,2386862,+,172,sRNA357,ND,,,Show
srn_4410,sRNA358,2390853,2390950,+,98,sRNA358,ND,,,Show
srn_4420,Teg25,2391517,2391670,-,154,Teg25_sRNA359,Transcript,,,Show
srn_4430,sRNA360,2397193,2397388,+,196,sRNA360,ND,,,Show
srn_4440,sRNA361,2424958,2425066,-,109,sRNA361,Antisense,,,Show
srn_4450,Sau6307,2429669,2429743,-,75,Sau6307,ND,,,Show
srn_4460,Teg26,2437358,2437523,-,166,Teg26_sRNA362,5'UTR,,,Show
srn_4470,RsaX28,2446961,2448137,-,1177,RsaX28_Teg27-ssr42_sRNA363,Transcript,,,Show
srn_4480,Teg126,2456679,2456769,-,91,Teg126_sRNA364,5'UTR,,,Show
srn_4490,sRNA365,2466083,2466311,+,229,sRNA365,ND,,,Show
srn_4500,Teg127,2475236,2475272,+,37,Teg127,ND,,,Show
srn_4510,Teg25as,2480879,2480996,+,118,Teg25as_sRNA366,ND,,,Show
srn_4520,RsaX20,2484471,2484732,+,262,RsaX20_Teg128_Teg130_sRNA367,CDS,,,Show
srn_9500,sRNA368,2486772,2487073,-,302,sRNA368,ND,,,Show
srn_4530,sprAs2prime,2498267,2498398,+,132,sprAs2prime_RsaJ_Teg96_sau5837_sRNA369,Transcript,,,Show
srn_4540,sprAs2,2502532,2502593,+,62,sprAs2_sRNA370,Antisense,,,Show
srn_4550,sprA2,2502541,2502770,-,230,WAN014FZW_sprA2_IGR2049_IGR8bis_Teg26as_sRNA371,Transcript,,,Show
srn_4560,sRNA372,2503236,2503395,-,160,sRNA372,5'UTR,,,Show
srn_4570,Teg27,2507586,2507790,-,205,Teg27as_sRNA373,Antisense,,,Show
srn_4580,sRNA374,2518377,2518640,+,264,sRNA374,ND,,,Show
srn_4590,Teg28,2524350,2524477,-,128,Teg28_sRNA375,Transcript,,,Show
srn_4600,sRNA376,2524933,2525214,+,282,sRNA376,ND,,,Show
srn_4610,sRNA377,2527455,2527661,-,207,sRNA377,Transcript,,,Show
srn_4605,tsr34,2538136,2538235,+,100,tsr34,3'UTR,,,Show
srn_4620,sRNA378,2544110,2544341,+,232,sRNA378,ND,,,Show
srn_4630,sRNA379,2546486,2546644,+,159,sRNA379,ND,,,Show
srn_4635,S1077_srn_4635,2547805,2548022,-,218,S1077_srn_4635,Transcript,,Mader_et_al._2016_Bronsard_et_al.2017,Show
srn_4640,Sau6488,2549315,2549378,+,64,Sau6488,ND,,,Show
srn_4650,Sau6902,2551649,2551718,-,70,Sau6902,3'UTR,,,Show
srn_4660,sRNA380,2552153,2552330,-,178,sRNA380,5'UTR,,,Show
srn_4665,tsr35,2555151,2555698,+,548,tsr35,CDS,,,Show
srn_4666,tsr36,2555224,2555749,-,526,tsr36,CDS,,,Show
srn_4670,RsaOT,2555767,2555912,-,146,RsaOT_ssr43_RsaON_Teg29_sRNA381,Transcript,,,Show
srn_4680,Sau19,2556335,2556409,+,75,Sau19_Teg131_RsaX21_sRNA382,Transcript,,,Show
srn_4690,Teg132,2561803,2561839,-,37,Teg132,ND,,,Show
srn_4700,Sau6987,2565238,2565324,-,87,Sau6987,ND,,,Show
srn_4705,tsr37,2567390,2567726,+,337,tsr37,CDS,,,Show
srn_4710,Teg34,2569928,2572834,-,2907,Teg34,CDS,,,Show
srn_4720,sRNA383,2580123,2580677,+,555,sRNA383,ND,,,Show
srn_4720.1,sRNA383,2584130,2584412,+,283,sRNA383,ND,,,Show
srn_4740,sprA3,2601819,2602050,+,232,sprA3_IGR2125,Transcript,,,Show
srn_4750,sRNA384,2601898,2602048,-,151,sRNA384,ND,,,Show
srn_4760,RsaX23,2601990,2602054,-,65,RsaX23_Teg153,ND,,,Show
srn_4770,sRNA385,2613264,2613992,+,729,sRNA385,Transcript,,,Show
srn_4780,Teg31,2613754,2613868,-,115,sRNA386_Teg31,CDS,,,Show
srn_4790,sRNA387,2617199,2617503,+,305,sRNA387,CDS,,,Show
srn_4800,rsaOU,2622981,2623280,+,300,rsaOU_sRZG,ND,,,Show
srn_4810,sRNA388,2624380,2624581,+,202,sRNA388,ND,,,Show
srn_4820,Sau6648,2625118,2625191,+,74,Sau6648,ND,,,Show
srn_4830,Sau6072,2627375,2627669,+,295,Sau6072_sRNA389,Antisense,,,Show
srn_9510,sRNA390,2629651,2629724,+,74,sRNA390,ND,,,Show
srn_4840,RsaOV,2644957,2645011,+,55,RsaOV_Sau40_sRZV,Transcript,,,Show
srn_4850,Sau6416,2648323,2648399,+,77,Sau6416,ND,,,Show
srn_4860,sRNA391,2649610,2649799,+,190,sRNA391,ND,,,Show
srn_4880,Sau6745,2662932,2662987,+,56,Sau6745,ND,,,Show
srn_4890,Teg134,2663114,2663195,-,82,Teg134_sRNA392,3'UTR,,,Show
srn_4900,sRNA394,2674275,2674517,+,243,sRNA394,ND,,,Show
srn_4910,sRNA395,2675979,2676159,+,181,sRNA395,ND,,,Show
srn_4920,Sau39,2679384,2679436,-,53,Sau39,ND,,,Show
srn_4930,Sau6872,2680803,2680913,-,111,Sau6872,ND,,,Show
srn_4940,sRNA396,2691088,2691397,+,310,sRNA396,CDS,,,Show
srn_4950,sRNA397,2694612,2694918,+,307,sRNA397,CDS,,,Show
srn_4960,Sau6590,2707449,2707500,+,52,Sau6590,ND,,,Show
srn_4970,sRNA398,2713545,2713688,-,144,sRNA398,ND,,,Show
srn_4980,Teg32,2714402,2714625,-,224,Teg32_sRNA399,ND,,,Show
srn_4990,Sau34,2715809,2715885,+,77,Sau34,ND,,,Show
srn_5000,Sau13,2720467,2720570,-,104,Sau13,ND,,,Show
srn_5010,Teg33,2721118,2721313,-,196,Teg33_sRNA400,Transcript,,,Show
srn_5020,sRNA401,2726292,2726861,+,570,sRNA401,Antisense,,,Show
srn_5030,Sau37,2740309,2740381,-,73,Sau37,ND,,,Show
srn_5040,sRNA403,2746698,2746835,+,138,sRNA403,ND,,,Show
srn_5050,Teg28as,2750280,2750316,+,37,Teg28as_sRNA404,ND,,,Show
srn_5055,tsr39,2759840,2759892,-,53,tsr39,3'UTR,,,Show
srn_5060,sRNA405,2763092,2763380,+,289,sRNA405,ND,,,Show
srn_5070,RsaX25,2774071,2774449,-,379,RsaX25_Teg141_sRNA406,Transcript,,,Show
srn_5075,srn_5075,2781676,2781897,+,222,srn_5075,Transcript,,Bronsard_et_al.2017,Show
srn_5080,Sau6518,2789946,2789991,+,46,Sau6518,ND,,,Show
srn_5090,sRNA408,2795444,2795595,+,152,sRNA408,5'UTR,,,Show
srn_5100,sRNA410,2802761,2802915,+,155,sRNA410,ND,,,Show
srn_5110,sRNA411,2810742,2810958,-,217,sRNA411,CDS,,,Show
srn_5120,Sau5995,2812927,2813019,+,93,Sau5995,5'UTR,,,Show
srn_5130,Sau6728,2816317,2816394,+,78,Sau6728,ND,,,Show
